Articulo,Precio Regular,Precio Oferta
Fisher-Price DC League of Super Pets Figura Ace con Sonido,$479.00,$143.70
Little Mommy Wonderwatch Baby,$729.00,$583.20
Alberca Amarilla Inflable 2.29m x 1.47m  x 46cm  -Intex,"$3,779.00","$3,023.20"
Alberca Armable Prism Frame 3.05m x 76cm - Intex,"$4,299.00","$3,439.20"
Alberca Armable Prism Frame 3.66m x 76cm,$675.00,$540.00
Alberca Circular Inflable Azul  -Intex,$569.00,$455.20
Alberca Circular Inflable de Sandia -Intex,"$2,069.00","$1,448.30"
Alberca con Paraguas y accesorios,$459.00,$367.20
Alberca de Pelotas para Bebe,"$4,020.00","$3,216.00"
Alberca Grande Diseño de Océano,"$1,510.00","$1,208.00"
Alberca Inflable Con Canasta Basketball -Intex,$775.00,$620.00
Alberca Inflable con Techo -Intex,$425.00,$340.00
Alberca Inflable Intex,"$1,250.00","$1,000.00"
Alberca Inflable Olas de Playa -Intex,$899.00,$719.20
Alberca Inflable Paraíso del Mar -Intex,"$1,395.00","$1,116.00"
Alberca Inflable Swim Center -Intex,"$1,319.00","$1,055.20"
Alberca Inflable Vida Marina,"$6,229.00","$4,983.20"
Alberca Prism Frame- Intex,"$11,345.00","$9,076.00"
Alberca Tubular y Bomba Filtrante  4.57m  x 1.22m - Intex,"$4,255.00","$3,404.00"
Alberca Tubular y Bomba Filtrante 28211 3.66x76cm,$749.00,$374.50
Barbie Baño de Mascotas,$319.00,$191.40
BARBIE CHELSEA PARQUE DE DIVERSIONES,$319.00,$191.40
Barbie Dia de Muertos 2022,$319.00,$191.40
Barbie Loves The Ocean,"$6,755.00","$5,404.00"
Barbie Malibu 50 Aniversario vestido rallas,"$7,040.00","$5,632.00"
Barbie Set de juego con Mascota,"$7,975.00","$6,380.00"
Bicicleta de Montaña Huffy Torch Rodada 29,"$7,499.00","$5,999.20"
Bicicleta Huffy Bantam Rodada 29 Negro,"$1,009.00",$807.20
Bicicleta Huffy MTB Warhawk Rodada 29,"$1,719.00","$1,375.20"
Bicicleta Mercurio Ranger Dim Rodada 26,$355.00,$213.00
Bomba de Filtración  530Gph 110-120V -Intex,$479.00,$287.40
Bomba de filtración 1000Gph 110-120V -Intex,$599.00,$179.70
Bomba de Filtración 330Gph  110-120V - Intex,$599.00,$239.60
Bomba Eléctrica 110-120V- Intex,$369.00,$73.80
DC League Of Super Pets Krypto,$369.00,$73.80
DC Liga de Super Mascotas Ace Coche lanzador de juguete,$499.00,$299.40
Disney Figura Interactiva Mike Wazowski,$499.00,$299.40
Disney Pixar Figura Interactiva Sulley,"$1,519.00",$759.50
Disney Pixar Figura Violeta Y Jack Jack De Fuego,"$1,115.00",$557.50
Disney Pixar Los Increíbles Mr. Increíble Traje Rojo,$599.00,$119.80
F-P  Smartphone Grabando y Aprendiendo con Perrito,$459.00,$275.40
F-P Smartphone Grabando y Aprendiendo con Hermanita,$375.00,$225.00
Figura de peluche Bunny con sonidos Toy Story4,$479.00,$287.40
Figura de Peluche con Sonidos Ducky Toy Story4,$319.00,$159.50
Figura Interactiva Síndrome,$269.00,$161.40
Fisher Price Imaginext Minions Surtido De Vehículos,"$6,999.00","$2,799.60"
Fisher Price Mi Primer Videojuego de Aprendizaje,"$3,499.00","$1,049.70"
Fisher-Price DC League of Super Pets Vehículo Lanzador Krypto,$849.00,$679.20
Harry Potter Magical Minis Cho Chang y George Weasley,$319.00,$127.60
Hot Wheels 2 Pack Color Reveal,$319.00,$191.40
Hot Wheels City Super Ultimate Garage,$319.00,$191.40
Hot Wheels Ultimate Garage T-rex,$699.00,$559.20
Intex Alberca Rectangular Inflable Grande Familiar,$949.00,$759.20
Jurassic World Edmontosaurus,"$1,099.00",$769.30
Jurassic World Spinosaurus de 12 pulgadas,$499.00,$349.30
Jurassic World Surtido de Dinosaurios Rugido Feroz,"$1,299.00","$1,039.20"
Ken Dia de Muertos 2022,$279.00,$139.50
Kindi Kids Baby Sister,$999.00,$599.40
Kindi Kids Kind Scented Sisters,$569.00,$455.20
Kindi Kids Minis S1 - Autobús Escolar,$415.00,$332.00
Kindi Kids Minis S1 Mini,"$1,299.00","$1,039.20"
Kindi Kids Muñeca Poppi Burbujas,"$3,229.00","$2,583.20"
Little Mommy Bebita Recién Nacida,$579.00,$463.20
Little Mommy Bebita Recién Nacida Chupón,"$1,159.00",$927.20
Mega Bloks Corgi Feliz,"$1,029.00",$823.20
"Mega Construx Barbie, Color Reveal Establos de Caballos","$1,090.00",$872.00
Piscina  Inflable  de Unicornio -Intex,"$11,999.00","$9,599.20"
Piscina Bebe Inflable Intex,$219.00,$65.70
Piscina Centro De Natación Salón Familiar -Intex,$259.00,$181.30
Piscina de Aro -Intex,$219.00,$131.40
Piscina De Brillo Al Atardecer  infantil Multicolor Intex,"$1,299.00",$389.70
Piscina Infantil - Intex,"$1,119.00",$559.50
Fisher-Price DC League of Super Pets Figura Ace con Sonido,$479.00,$143.70
Little Mommy Wonderwatch Baby,$729.00,$583.20
Alberca Amarilla Inflable 2.29m x 1.47m  x 46cm  -Intex,"$3,779.00","$3,023.20"
Alberca Armable Prism Frame 3.05m x 76cm - Intex,"$4,299.00","$3,439.20"
Alberca Armable Prism Frame 3.66m x 76cm,$675.00,$540.00
Alberca Circular Inflable Azul  -Intex,$569.00,$455.20
Alberca Circular Inflable de Sandia -Intex,"$2,069.00","$1,448.30"
Alberca con Paraguas y accesorios,$459.00,$367.20
Alberca de Pelotas para Bebe,"$4,020.00","$3,216.00"
Alberca Grande Diseño de Océano,"$1,510.00","$1,208.00"
Alberca Inflable Con Canasta Basketball -Intex,$775.00,$620.00
Alberca Inflable con Techo -Intex,$425.00,$340.00
Alberca Inflable Intex,"$1,250.00","$1,000.00"
Alberca Inflable Olas de Playa -Intex,$899.00,$719.20
Alberca Inflable Paraíso del Mar -Intex,"$1,395.00","$1,116.00"
Alberca Inflable Swim Center -Intex,"$1,319.00","$1,055.20"
Alberca Inflable Vida Marina,"$6,229.00","$4,983.20"
Alberca Prism Frame- Intex,"$11,345.00","$9,076.00"
Alberca Tubular y Bomba Filtrante  4.57m  x 1.22m - Intex,"$4,255.00","$3,404.00"
Alberca Tubular y Bomba Filtrante 28211 3.66x76cm,$749.00,$374.50
Barbie Baño de Mascotas,$319.00,$191.40
BARBIE CHELSEA PARQUE DE DIVERSIONES,$319.00,$191.40
Barbie Dia de Muertos 2022,$319.00,$191.40
Barbie Loves The Ocean,"$6,755.00","$5,404.00"
Barbie Malibu 50 Aniversario vestido rallas,"$7,040.00","$5,632.00"
Barbie Set de juego con Mascota,"$7,975.00","$6,380.00"
Bicicleta de Montaña Huffy Torch Rodada 29,"$7,499.00","$5,999.20"
Bicicleta Huffy Bantam Rodada 29 Negro,"$1,009.00",$807.20
Bicicleta Huffy MTB Warhawk Rodada 29,"$1,719.00","$1,375.20"
Bicicleta Mercurio Ranger Dim Rodada 26,$355.00,$213.00
Bomba de Filtración  530Gph 110-120V -Intex,$479.00,$287.40
Bomba de filtración 1000Gph 110-120V -Intex,$599.00,$179.70
Bomba de Filtración 330Gph  110-120V - Intex,$599.00,$239.60
Bomba Eléctrica 110-120V- Intex,$369.00,$73.80
DC League Of Super Pets Krypto,$369.00,$73.80
DC Liga de Super Mascotas Ace Coche lanzador de juguete,$499.00,$299.40
Disney Figura Interactiva Mike Wazowski,$499.00,$299.40
Disney Pixar Figura Interactiva Sulley,"$1,519.00",$759.50
Disney Pixar Figura Violeta Y Jack Jack De Fuego,"$1,115.00",$557.50
Disney Pixar Los Increíbles Mr. Increíble Traje Rojo,$599.00,$119.80
F-P  Smartphone Grabando y Aprendiendo con Perrito,$459.00,$275.40
F-P Smartphone Grabando y Aprendiendo con Hermanita,$375.00,$225.00
Figura de peluche Bunny con sonidos Toy Story4,$479.00,$287.40
Figura de Peluche con Sonidos Ducky Toy Story4,$319.00,$159.50
Figura Interactiva Síndrome,$269.00,$161.40
Fisher Price Imaginext Minions Surtido De Vehículos,"$6,999.00","$2,799.60"
Fisher Price Mi Primer Videojuego de Aprendizaje,"$3,499.00","$1,049.70"
Fisher-Price DC League of Super Pets Vehículo Lanzador Krypto,$849.00,$679.20
Harry Potter Magical Minis Cho Chang y George Weasley,$319.00,$127.60
Hot Wheels 2 Pack Color Reveal,$319.00,$191.40
Hot Wheels City Super Ultimate Garage,$319.00,$191.40
Hot Wheels Ultimate Garage T-rex,$699.00,$559.20
Intex Alberca Rectangular Inflable Grande Familiar,$949.00,$759.20
Jurassic World Edmontosaurus,"$1,099.00",$769.30
Jurassic World Spinosaurus de 12 pulgadas,$499.00,$349.30
Jurassic World Surtido de Dinosaurios Rugido Feroz,"$1,299.00","$1,039.20"
Ken Dia de Muertos 2022,$279.00,$139.50
Kindi Kids Baby Sister,$999.00,$599.40
Kindi Kids Kind Scented Sisters,$569.00,$455.20
Kindi Kids Minis S1 - Autobús Escolar,$415.00,$332.00
Kindi Kids Minis S1 Mini,"$1,299.00","$1,039.20"
Kindi Kids Muñeca Poppi Burbujas,"$3,229.00","$2,583.20"
Little Mommy Bebita Recién Nacida,$579.00,$463.20
Little Mommy Bebita Recién Nacida Chupón,"$1,159.00",$927.20
Mega Bloks Corgi Feliz,"$1,029.00",$823.20
"Mega Construx Barbie, Color Reveal Establos de Caballos","$1,090.00",$872.00
Piscina  Inflable  de Unicornio -Intex,"$11,999.00","$9,599.20"
Piscina Bebe Inflable Intex,$219.00,$65.70
Piscina Centro De Natación Salón Familiar -Intex,$259.00,$181.30
Piscina de Aro -Intex,$219.00,$131.40
Piscina De Brillo Al Atardecer  infantil Multicolor Intex,"$1,299.00",$389.70
Piscina Infantil - Intex,"$1,119.00",$559.50
